ENAMEX type,overlap type matches percent,overlap type mismatches percent
PERSON,0.7852102518804995,0.2147897481195005
ORGANIZATION,0.0,1.0
LOCATION,0.9809546074420417,0.01904539255795831
