ENAMEX type,tags,percent
PERSON,394693,0.5110379420355907
LOCATION,377643,0.4889620579644093
