enumex_type,tags,%
PERSON,107966,0.5158605400085048
ORGANIZATION,93995,0.4491072324444678
LOCATION,7332,0.035032227547027374
