ENAMEX type,tags,percent
PERSON,294614,0.2883250539238138
ORGANIZATION,510915,0.5000088078824676
LOCATION,188097,0.18408180761235923
,28186,0.02758433058135939
