DBPedia type,tags,percent
PERSON,579460,0.4070899664189066
MISC::Museum,27,1.89684000505824E-5
LOCATION,783062,0.5501271585336724
MISC::Hotel,2,1.4050666704135112E-6
MISC::MusicGroup,60869,0.0427625015807
