enumex_type,tags,%
PERSON,741389,0.3878531221227086
ORGANIZATION,591835,0.30961486147149914
LOCATION,550110,0.28778668284925085
,28186,0.01474533355654139
